Time,Stim Cre,Rec Cre,Stim Cre NMDA,Rec Cre NMDA,Stim KO,Rec KO,Stim KO NMDA,Rec KO NMDA
0,-56.16446304,-59.85899734,-47.65253448,-51.38364029,-48.88841629,-40.06734848,-48.04670334,-39.0341301
0.5,-56.16056824,-59.85811996,-47.66315079,-51.40221786,-48.88767242,-40.07181168,-48.04799271,-39.05218506
1,-56.16369247,-59.85823822,-47.66049576,-51.39027405,-48.87129593,-40.06362534,-48.05529785,-39.05304337
1.5,-56.16036224,-59.85269547,-47.653862,-51.38629532,-48.85715485,-40.06064987,-48.06475449,-39.05820084
2,-56.14945221,-59.84692001,-47.64590073,-51.36904526,-48.85641098,-40.0621376,-48.06690598,-39.07152557
2.5,-56.14596558,-59.84955978,-47.66315079,-51.37567902,-48.84077835,-40.05767059,-48.07206345,-39.06851578
3,-56.14589691,-59.84653473,-47.64590073,-51.36373901,-48.83482361,-40.05990219,-48.07894135,-39.07281494
3.5,-56.14369965,-59.85379028,-47.65651703,-51.36108398,-48.83259201,-40.06064987,-48.08495712,-39.07754517
4,-56.13940811,-59.85109711,-47.665802,-51.33985519,-48.82738113,-40.06734848,-48.09312439,-39.07926178
4.5,-56.14868546,-59.84511185,-47.65253448,-51.3517952,-48.82738113,-40.06511307,-48.08624649,-39.07754517
5,-56.14674377,-59.84875488,-47.65518951,-51.35312271,-48.82217026,-40.08446503,-48.08882523,-39.07668304
5.5,-56.15351868,-59.83813858,-47.63926697,-51.37700653,-48.828125,-40.08818817,-48.0939827,-39.07754517
6,-56.14605331,-59.84060669,-47.64191818,-51.36373901,-48.84747696,-40.08818817,-48.09269333,-39.07668304
6.5,-56.15008163,-59.83649826,-47.63396072,-51.3849678,-48.84003448,-40.08223343,-48.0939827,-39.08141327
7,-56.15040588,-59.84193802,-47.63528442,-51.37170029,-48.84822083,-40.09712219,-48.09054565,-39.08485031
7.5,-56.14913559,-59.84275818,-47.62599945,-51.35842896,-48.84747696,-40.09786606,-48.09613419,-39.08528137
8,-56.1542778,-59.84223938,-47.63396072,-51.37037277,-48.86087418,-40.10307312,-48.10129166,-39.08613968
8.5,-56.15624619,-59.8419342,-47.62732315,-51.36904526,-48.85566711,-40.11349487,-48.09183502,-39.08742905
9,-56.15571594,-59.84047318,-47.63661194,-51.39292908,-48.86385345,-40.11051941,-48.08452606,-39.09000778
9.5,-56.15851974,-59.84719849,-47.61671066,-51.38762283,-48.85789871,-40.11275101,-48.07507324,-39.08786011
10,-56.15398407,-59.83873367,-47.62201691,-51.39690781,-48.85417557,-40.12019348,-48.07636261,-39.09387589
10.5,-56.1577301,-59.84710312,-47.60211563,-51.39292908,-48.86385345,-40.12838364,-48.06733322,-39.09688568
11,-56.16352463,-59.85203552,-47.5994606,-51.39690781,-48.86534119,-40.11647415,-48.05271912,-39.09473801
11.5,-56.15921402,-59.8491745,-47.60211563,-51.40221786,-48.86534119,-40.12838364,-48.04240417,-39.10290527
12,-56.17043304,-59.85390472,-47.59813309,-51.37966156,-48.8787384,-40.11349487,-48.02521133,-39.09946442
12.5,-56.16517639,-59.85107803,-47.60078812,-51.35842896,-48.88841629,-40.11200714,-48.01661682,-39.09860611
13,-56.16444016,-59.86195374,-47.60344315,-51.35842896,-48.90106964,-40.09712219,-48.01016617,-39.10376358
13.5,-56.16798782,-59.85946274,-47.62201691,-51.35046768,-48.9040451,-40.10307312,-48.00329208,-39.10462189
14,-56.16730881,-59.85884094,-47.62865067,-51.36108398,-48.90628052,-40.09637451,-47.99985123,-39.10677338
14.5,-56.16754913,-59.86134338,-47.62732315,-51.37170029,-48.91521072,-40.08297729,-47.99469376,-39.10505295
15,-56.16723633,-59.85308075,-47.6432457,-51.36108398,-48.92340088,-40.08000183,-48.00157166,-39.09258652
15.5,-56.16719055,-59.85397339,-47.63793945,-51.3624115,-48.92340088,-40.07479095,-48.00415039,-39.10290527
16,-56.1686821,-59.85611343,-47.64855576,-51.37700653,-48.93754196,-40.08223343,-48.00157166,-39.09731674
16.5,-56.16248703,-59.85535812,-47.653862,-51.37170029,-48.93977356,-40.07702255,-48.00587082,-39.09774399
17,-56.16212082,-59.85599136,-47.64059448,-51.3624115,-48.95093918,-40.08148956,-47.99985123,-39.09774399
17.5,-56.15605927,-59.85134125,-47.64855576,-51.37302399,-48.97252655,-40.08372116,-48.00801849,-39.10204315
18,-56.16423416,-59.85836029,-47.653862,-51.37833405,-48.97996902,-40.07627869,-48.0187645,-39.09129715
18.5,-56.16449356,-59.85968781,-47.64457321,-51.37170029,-48.97922516,-40.0807457,-48.02521133,-39.0908699
19,-56.16871643,-59.86047363,-47.65120697,-51.3849678,-48.99187851,-40.09637451,-48.02822113,-39.09000778
19.5,-56.17089844,-59.85590363,-47.64855576,-51.37966156,-49.00899887,-40.09637451,-48.0333786,-39.08141327
20,-56.17027664,-59.85593796,-47.65253448,-51.36373901,-49.00974274,-40.09116745,-48.04068375,-39.08184052
20.5,-56.17753983,-59.86238861,-47.65916824,-51.38098526,-49.00230026,-40.10456467,-48.05487061,-39.07883453
21,-56.17752457,-59.86158371,-47.66049576,-51.36771774,-48.99783325,-40.10307312,-48.06303787,-39.07926178
21.5,-56.18270493,-59.86590195,-47.66712952,-51.3743515,-48.99113464,-40.11573029,-48.06905365,-39.083992
22,-56.1913681,-59.85874557,-47.6644783,-51.37302399,-48.99262238,-40.12466049,-48.07249069,-39.083992
22.5,-56.19118118,-59.85707092,-47.64987946,-51.36373901,-48.99262238,-40.13731384,-48.08409882,-39.09387589
23,-56.19417572,-59.86251831,-47.64590073,-51.37302399,-54.65847015,-40.13284683,-48.08581543,-39.10032272
23.5,-57.61058044,-59.86390686,-50.35002518,-51.36506271,-62.27297974,-40.13061523,-53.62024307,-39.10419464
24,-61.430336,-59.86154938,-56.3221817,-51.36108398,-66.87220001,-40.12540436,-62.66204071,-39.11193085
24.5,-62.97750473,-59.85381699,-58.48760223,-51.37037277,-70.18373108,-40.11944962,-68.87689972,-39.11708832
25,-63.94470596,-59.84873199,-59.89671707,-51.36108398,-72.79187012,-40.11944962,-73.58002472,-39.11837769
25.5,-64.67362976,-59.8544693,-60.97809982,-51.35312271,-74.92884064,-40.12540436,-77.37237549,-39.12611389
26,-65.25772095,-59.85960007,-61.86709213,-51.34118271,-76.7539444,-40.13061523,-80.52642059,-39.13256073
26.5,-65.75292206,-59.85575104,-62.62339783,-51.32526016,-78.34532166,-40.13061523,-83.230896,-39.13642883
27,-66.16816711,-59.86703491,-63.29345703,-51.34118271,-79.72679901,-40.13656998,-85.57601166,-39.1415863
27.5,-66.54447937,-59.86390305,-63.8719635,-51.34250641,-80.95941162,-40.13210297,-87.6421814,-39.14889526
28,-66.87971497,-59.86080551,-64.38677979,-51.34648895,-82.0707016,-40.1477356,-89.47711182,-39.15233231
28.5,-67.18507385,-59.86632919,-64.860466,-51.35577774,-83.06587219,-40.16187668,-91.13195801,-39.15792084
29,-67.45744324,-59.86487198,-65.28373718,-51.35577774,-83.97842407,-40.15740967,-92.6040802,-39.17683411
29.5,-67.70149231,-59.86510086,-65.67648315,-51.37037277,-84.79271698,-40.16038895,-93.95375061,-39.18972778
30,-67.93602753,-59.86364746,-66.02942657,-51.34781647,-85.53407288,-40.15815735,-95.17788696,-39.18929672
30.5,-68.14178467,-59.86642075,-66.34521484,-51.34383392,-86.21960449,-40.16634369,-96.29541016,-39.20090485
31,-68.33055115,-59.86553574,-66.64375305,-51.35445023,-86.85451508,-40.17825317,-97.32309723,-39.21422958
31.5,-68.50682068,-59.87535477,-66.90912628,-51.35577774,-87.43360901,-40.18867493,-98.26057434,-39.21508789
32,-68.66911316,-59.87467194,-67.173172,-51.36904526,-87.97994232,-40.20802689,-99.14214325,-39.21938705
32.5,-68.81400299,-59.88218689,-67.39740753,-51.3743515,-88.47343445,-40.23035431,-99.94764709,-39.23184967
33,-68.95372009,-59.87906265,-67.6335907,-51.37037277,-88.94385529,-40.23184586,-100.6899643,-39.2365799
33.5,-69.08507538,-59.88288116,-67.8312912,-51.35975647,-89.37854004,-40.24747467,-101.3819885,-39.24689484
34,-69.20330811,-59.88055801,-68.0196991,-51.37567902,-89.81025696,-40.25864029,-102.0237045,-39.25162125
34.5,-69.32095337,-59.88446426,-68.20014954,-51.38098526,-90.18539429,-40.27427292,-102.6190033,-39.25076294
35,-69.42435455,-59.88709641,-68.36203003,-51.37170029,-90.54044342,-40.288414,-103.1949844,-39.25936127
35.5,-69.52436829,-59.88356781,-68.51329041,-51.36771774,-90.88134766,-40.30329895,-103.7206726,-39.26494598
36,-69.61708832,-59.88129807,-68.66189575,-51.36108398,-91.21257782,-40.3137207,-104.2141037,-39.27311325
36.5,-69.70508575,-59.88458633,-68.78263855,-51.36108398,-91.50212097,-40.31818771,-104.6898804,-39.27956009
37,-69.78712463,-59.88098526,-68.92726898,-51.36506271,-91.796875,-40.31893158,-105.1330414,-39.27612305
37.5,-69.86811829,-59.88394165,-69.04668427,-51.38364029,-92.07971954,-40.32935333,-105.5556107,-39.27956009
38,-69.93992615,-59.89159775,-69.17140961,-51.40089035,-92.31939697,-40.33530807,-105.9492874,-39.28514862
38.5,-70.00902557,-59.88463211,-69.26163483,-51.40221786,-92.57172394,-40.35391617,-106.3322754,-39.29460526
39,-70.07144928,-59.88724136,-69.3478775,-51.39690781,-92.80693054,-40.36433411,-106.6911697,-39.29374695
39.5,-70.12361908,-59.88021469,-69.43677521,-51.39690781,-93.03618622,-40.37475586,-107.0281525,-39.30363083
40,-70.17919159,-59.88285065,-69.545578,-51.38894653,-93.25278473,-40.37326813,-107.3410645,-39.31136703
40.5,-70.22941589,-59.8820076,-69.61988068,-51.40089035,-93.45375824,-40.37475586,-107.6509552,-39.31480789
41,-70.2855072,-59.88838196,-69.69683838,-51.40752411,-93.65695953,-40.37773132,-107.9505768,-39.32855988
41.5,-70.32927704,-59.8939743,-69.76982117,-51.39956284,-93.83187866,-40.3829422,-108.2307816,-39.33285904
42,-70.36631775,-59.88874435,-69.84412384,-51.40221786,-94.00828552,-40.3807106,-108.5037308,-39.33372116
42.5,-70.4072876,-59.89086533,-69.90250397,-51.40486908,-94.17948151,-40.39187622,-108.754776,-39.33801651
43,-70.44753265,-59.89507294,-69.9847641,-51.41017914,-94.35440063,-40.40006256,-109.0032043,-39.33887863
43.5,-70.47903442,-59.89583588,-70.03651428,-51.40619659,-94.52484894,-40.40378571,-109.2361526,-39.33672714
44,-70.50886536,-59.89052582,-70.08295441,-51.42609787,-94.67222595,-40.41345978,-109.4579849,-39.33543777
44.5,-70.54689789,-59.89615631,-70.15062714,-51.42079163,-94.82853699,-40.40750504,-109.669426,-39.340168
45,-70.57220459,-59.89507675,-70.19042969,-51.44865799,-94.97665405,-40.41792679,-109.8744659,-39.34145737
45.5,-70.60379028,-59.90096664,-70.2355423,-51.43140793,-95.11734009,-40.41420364,-110.0670013,-39.34661484
46,-70.63455963,-59.90177155,-70.28198242,-51.45794296,-95.25727081,-40.41197205,-110.2397842,-39.35220337
46.5,-70.65370178,-59.9078064,-70.32444,-51.46723175,-95.38306427,-40.40750504,-110.4233322,-39.35907745
47,-70.67388916,-59.90480804,-70.36292267,-51.47917557,-95.49917603,-40.40155029,-110.5905457,-39.36638641
47.5,-70.69023895,-59.89988708,-70.39211273,-51.48978806,-95.61529541,-40.39634323,-110.758606,-39.36380768
48,-70.70748138,-59.90159225,-70.41466522,-51.48978806,-95.72545624,-40.38517761,-110.9159088,-39.36595535
48.5,-70.73387909,-59.90467834,-70.4544754,-51.49244308,-95.83338165,-40.39187622,-111.0620575,-39.36423874
49,-70.74568176,-59.91362762,-70.47570038,-51.50173187,-95.92568207,-40.38815308,-111.2086487,-39.35177231
49.5,-70.75978851,-59.91446304,-70.52081299,-51.50040436,-96.02021027,-40.38964081,-111.3504944,-39.35435104
50,-70.77471924,-59.91665649,-70.54735565,-51.50305557,-96.1072998,-40.39783096,-111.4875946,-39.35391998
50.5,-70.7946167,-59.91732025,-70.57123566,-51.50438309,-96.19810486,-40.39410782,-111.6169662,-39.36208725
51,-70.80052185,-59.91035461,-70.59511566,-51.51499939,-96.29189301,-40.39857483,-111.7373047,-39.36896515
51.5,-70.82391357,-59.91584396,-70.60839081,-51.51367188,-96.38939667,-40.4060173,-111.863678,-39.37240219
52,-70.83384705,-59.91065598,-70.62828827,-51.5057106,-96.47573853,-40.40452957,-111.9788971,-39.38100052
52.5,-70.84934235,-59.91566467,-70.6428833,-51.51101685,-96.54943085,-40.41048431,-112.1043854,-39.37154388
53,-70.86044312,-59.90765762,-70.66942596,-51.49774933,-96.6402359,-40.41271591,-112.2144318,-39.38228989
53.5,-70.86631012,-59.91597748,-70.67605591,-51.50836563,-96.72062683,-40.40974045,-112.3278885,-39.37713242
54,-70.87763977,-59.91851044,-70.6866684,-51.49907684,-96.77347565,-40.41048431,-112.4439621,-39.38272095
54.5,-70.88729095,-59.91166687,-70.69197845,-51.51897812,-96.84194946,-40.41495132,-112.5316315,-39.38056946
55,-70.89265442,-59.91559219,-70.695961,-51.50438309,-96.90968323,-40.41643906,-112.633049,-39.39518356
55.5,-70.90703583,-59.91170502,-70.69994354,-51.50040436,-96.96923065,-40.41420364,-112.7173004,-39.39905167
56,-70.909935,-59.91223145,-70.707901,-51.52428818,-97.0124054,-40.41420364,-112.8011246,-39.41022873
56.5,-70.91814423,-59.91178894,-70.71055603,-51.54021072,-97.06525421,-40.41122818,-112.8883896,-39.41882324
57,-70.92746735,-59.91214371,-70.72249603,-51.54551697,-97.11214447,-40.41197205,-112.962326,-39.4222641
57.5,-70.92603302,-59.91040421,-70.70391846,-51.55878448,-97.15233612,-40.39187622,-113.0435638,-39.41968536
58,-70.92702484,-59.90769958,-70.71188354,-51.55082321,-97.1969986,-40.38145447,-113.1213455,-39.4222641
58.5,-70.92571259,-59.91687393,-70.71188354,-51.55215073,-97.23421478,-40.37773132,-113.1983261,-39.41753387
59,-70.93932343,-59.91012573,-70.719841,-51.57736206,-97.26919556,-40.37326813,-113.2769623,-39.42484283
59.5,-70.94606781,-59.91369629,-70.70524597,-51.56143951,-97.31013489,-40.38368607,-113.3409882,-39.4252739
60,-70.94989014,-59.91277695,-70.707901,-51.56940079,-97.34958649,-40.37475586,-113.4127731,-39.43343735
60.5,-70.94988251,-59.9201622,-70.70127106,-51.57603455,-97.39052582,-40.37698746,-113.4776764,-39.4437561
61,-70.95374298,-59.91727066,-70.69463348,-51.58134079,-97.427742,-40.3829422,-113.5382843,-39.44203568
61.5,-70.95668793,-59.91760635,-70.69065094,-51.58797455,-97.47314453,-40.39262009,-113.5928879,-39.44547272
62,-70.96294403,-59.9196434,-70.684021,-51.5826683,-97.50217438,-40.39262009,-113.6509018,-39.45363998
62.5,-70.96512604,-59.9204216,-70.684021,-51.5826683,-97.55651093,-40.39336395,-113.7067871,-39.46524429
63,-70.97103882,-59.91572189,-70.68932343,-51.59726334,-97.59075165,-40.39410782,-113.7630844,-39.46825409
63.5,-70.97182465,-59.91508484,-70.67075348,-51.60389709,-97.63391876,-40.38815308,-113.8211136,-39.46653366
64,-70.9721756,-59.9201622,-70.66544342,-51.60920334,-97.65327454,-40.39336395,-113.8701019,-39.46567535
64.5,-70.9777298,-59.91990662,-70.64819336,-51.62380219,-97.68974304,-40.39187622,-113.9131012,-39.47513199
65,-70.98252106,-59.92912674,-70.66544342,-51.60256958,-97.71430969,-40.40006256,-113.9539337,-39.47814178
65.5,-70.98447418,-59.93104553,-70.65615082,-51.6264534,-97.74929047,-40.40229797,-113.9994888,-39.47341156
66,-70.98044586,-59.93734741,-70.64686584,-51.60522461,-97.76938629,-40.41271591,-114.0497894,-39.48200989
66.5,-70.98531342,-59.94257355,-70.63492584,-51.62512589,-97.79395294,-40.40229797,-114.0918884,-39.4906044
67,-70.98565674,-59.94039917,-70.60573578,-51.61185837,-97.81702423,-40.41197205,-114.1339874,-39.49275589
67.5,-70.98249054,-59.93321228,-70.59909821,-51.59460831,-97.85051727,-40.41048431,-114.1787415,-39.48888779
68,-70.97981262,-59.9403801,-70.59511566,-51.59991837,-97.87731934,-40.42015839,-114.2148285,-39.48759842
68.5,-70.97787476,-59.94673157,-70.58317566,-51.57603455,-97.89592743,-40.42313766,-114.2561111,-39.48974609
69,-70.98049164,-59.95238876,-70.57389069,-51.57337952,-97.93314362,-40.42313766,-114.2943726,-39.48501968
69.5,-70.97470093,-59.95315552,-70.56725311,-51.56940079,-97.9562149,-40.42611313,-114.3317184,-39.48458862
70,-70.96585083,-59.94201279,-70.54868317,-51.55347824,-97.98449707,-40.42909241,-114.3704224,-39.4867363
70.5,-70.96401215,-59.94784164,-70.53939056,-51.55878448,-98.00980377,-40.43802261,-114.4129791,-39.48630905
71,-70.96966553,-59.94855881,-70.54204559,-51.56276703,-98.0142746,-40.42536926,-114.4477921,-39.49576187
71.5,-70.96617889,-59.95346069,-70.52745056,-51.57603455,-98.0351181,-40.42909241,-114.4766235,-39.50564957
72,-70.96886444,-59.95579147,-70.51285553,-51.5826683,-98.04925537,-40.44472122,-114.4899216,-39.50865936
72.5,-70.96894836,-59.961689,-70.49427795,-51.57868576,-98.07307434,-40.4454689,-114.5303192,-39.50350189
73,-70.97138214,-59.95825577,-70.47702789,-51.58399582,-98.08424377,-40.45067596,-114.5423737,-39.50737
73.5,-70.96788025,-59.95769882,-70.46641541,-51.58532333,-98.11177826,-40.45439911,-114.5681458,-39.51424789
74,-70.97117615,-59.96101379,-70.45977783,-51.59062958,-98.13187408,-40.46556473,-114.5995102,-39.50693893
74.5,-70.9712677,-59.96076584,-70.43988037,-51.57470703,-98.14080811,-40.45514297,-114.6416473,-39.50865936
75,-70.97314453,-59.96061707,-70.42263031,-51.59195709,-98.16090393,-40.47151947,-114.6777649,-39.50994873
75.5,-70.96970367,-59.96419525,-70.40803528,-51.59328461,-98.17207336,-40.46854019,-114.6966553,-39.5082283
76,-70.9669342,-59.96411133,-70.39741516,-51.58797455,-98.18695831,-40.48714828,-114.7302094,-39.50178146
76.5,-70.96746826,-59.95872116,-70.39741516,-51.59062958,-98.19216919,-40.4916153,-114.7516937,-39.50650787
77,-70.96657562,-59.96099472,-70.37220764,-51.59859085,-98.21375275,-40.48714828,-114.773201,-39.50479126
77.5,-70.96681976,-59.96672821,-70.35495758,-51.59593582,-98.23162079,-40.49310303,-114.7933807,-39.51209641
78,-70.96152496,-59.96388626,-70.34434509,-51.59460831,-98.24427032,-40.49235916,-114.8260498,-39.51166534
78.5,-70.95965576,-59.96471786,-70.34832764,-51.58797455,-98.23905945,-40.49905777,-114.8402252,-39.51983261
79,-70.95622253,-59.95888519,-70.32311249,-51.58399582,-98.25617981,-40.49608231,-114.8544083,-39.51682663
79.5,-70.95233154,-59.97128296,-70.31781006,-51.57337952,-98.25692749,-40.49310303,-114.8771896,-39.51725388
80,-70.94804382,-59.96469116,-70.29259491,-51.58532333,-98.26436615,-40.49385071,-114.9012604,-39.51940536
80.5,-70.94701385,-59.97339249,-70.28596497,-51.58664703,-98.27627563,-40.50352478,-114.906868,-39.50951767
81,-70.94268799,-59.96046829,-70.26738739,-51.58797455,-98.27776337,-40.50278091,-114.940361,-39.5013504
81.5,-70.94246674,-59.96375656,-70.25411987,-51.58930206,-98.29488373,-40.50724792,-114.9644318,-39.50521851
82,-70.93522644,-59.96543884,-70.25146484,-51.58930206,-98.29786682,-40.51320267,-114.9897995,-39.50263977
82.5,-70.93553925,-59.97219086,-70.25279236,-51.58930206,-98.31275177,-40.53404236,-115.0104523,-39.50650787
83,-70.93547058,-59.9728241,-70.23686981,-51.59726334,-98.31497955,-40.53404236,-115.0203247,-39.50994873
83.5,-70.93544006,-59.96860886,-70.23421478,-51.61185837,-98.30828094,-40.53627396,-115.0353775,-39.51596451
84,-70.92946625,-59.97348785,-70.20767975,-51.59460831,-98.32168579,-40.53106689,-115.053009,-39.51338577
84.5,-70.93386841,-59.97010422,-70.19838715,-51.58664703,-98.3187027,-40.54743958,-115.0749359,-39.5189743
85,-70.92510986,-59.97404861,-70.18910217,-51.57603455,-98.32242584,-40.54595184,-115.0843658,-39.51854324
85.5,-70.92721558,-59.9715271,-70.17848969,-51.57603455,-98.32688904,-40.54297638,-115.1028519,-39.51768494
86,-70.92464447,-59.96920013,-70.17450714,-51.56541824,-98.33731079,-40.54669571,-115.1170044,-39.51338577
86.5,-70.92153168,-59.97598648,-70.15327454,-51.56674576,-98.3328476,-40.5563736,-115.1359482,-39.51338577
87,-70.91381073,-59.97159195,-70.16522217,-51.59195709,-98.34326935,-40.55786133,-115.1526871,-39.5151062
87.5,-70.92024231,-59.97871399,-70.14797211,-51.58930206,-98.35443115,-40.56977081,-115.1673203,-39.51080704
88,-70.91832733,-59.97434998,-70.13204956,-51.5826683,-98.33731079,-40.57423782,-115.1789169,-39.50908661
88.5,-70.91919708,-59.96876144,-70.12541199,-51.60655212,-98.33879852,-40.58689117,-115.185791,-39.50263977
89,-70.9201355,-59.97492218,-70.10816193,-51.59062958,-98.34922028,-40.58316803,-115.1948471,-39.50392914
89.5,-70.90909576,-59.97271347,-70.09754944,-51.60787964,-98.33358765,-40.58837891,-115.1956863,-39.50693893
90,-70.91403198,-59.97300339,-70.08959198,-51.59991837,-98.32317352,-40.58019257,-115.1939468,-39.50263977
90.5,-70.90210724,-59.98043442,-70.07234192,-51.60256958,-98.31945038,-40.58912277,-115.2034225,-39.5043602
91,-70.90104675,-59.97452545,-70.06437683,-51.60389709,-98.31275177,-40.58986664,-115.2120209,-39.50350189
91.5,-70.89987183,-59.97650909,-70.04049683,-51.59593582,-98.31126404,-40.59210205,-115.2133026,-39.50737
92,-70.88885498,-59.9734993,-70.04712677,-51.62247467,-98.29563141,-40.5839119,-115.2326431,-39.50693893
92.5,-70.90377808,-59.97765732,-70.02590179,-51.60920334,-98.29488373,-40.58837891,-115.238678,-39.50737
93,-70.88506317,-59.98180008,-70.00068665,-51.59991837,-98.3000946,-40.60996628,-115.238678,-39.50479126
93.5,-70.88870239,-59.98157883,-69.99803925,-51.63574219,-98.29935455,-40.59730911,-115.2593155,-39.50092316
94,-70.88424683,-59.97423172,-69.9821167,-51.6370697,-98.293396,-40.606987,-115.2636032,-39.49404526
94.5,-70.87553406,-59.97732544,-69.98078918,-51.64768219,-98.30977631,-40.61592102,-115.2679214,-39.4936142
95,-70.86936188,-59.97966385,-69.96486664,-51.6490097,-98.32168579,-40.61294174,-115.2606049,-39.49232483
95.5,-70.86837006,-59.97242355,-69.96088409,-51.66891479,-98.33358765,-40.61071014,-115.2657623,-39.49318314
96,-70.86751556,-59.97521973,-69.95292664,-51.67554855,-98.33805847,-40.60996628,-115.2614517,-39.49103546
96.5,-70.86850739,-59.9800148,-69.94363403,-51.64370346,-98.35070801,-40.60996628,-115.2627487,-39.48845673
97,-70.8604126,-59.98138809,-69.95159912,-51.65962601,-98.36560059,-40.59954453,-115.2545624,-39.48845673
97.5,-70.85706329,-59.99028397,-69.93036652,-51.65166473,-98.36187744,-40.59433365,-115.2541504,-39.4798584
98,-70.85298157,-59.97758865,-69.93036652,-51.65829849,-98.36410522,-40.58465576,-115.2490234,-39.47513199
98.5,-70.84545135,-59.98025513,-69.91577148,-51.65431976,-98.37601471,-40.58689117,-115.2420883,-39.46524429
99,-70.83829498,-59.99009323,-69.905159,-51.65431976,-98.37676239,-40.58912277,-115.2395477,-39.46954346
99.5,-70.83037567,-59.99137878,-69.89852142,-51.65299225,-98.38718414,-40.58763504,-115.2330856,-39.46008682
100,-70.82209778,-59.99272156,-69.88127136,-51.64635849,-98.39239502,-40.57646942,-115.2279434,-39.47212219
100.5,-70.81270599,-59.98605347,-69.86534882,-51.63972092,-98.39983368,-40.58019257,-115.2266693,-39.46825409
101,-70.80957794,-59.98374939,-69.8520813,-51.64503098,-98.3946228,-40.57870102,-115.2231522,-39.47470093
101.5,-70.80840302,-59.97734451,-69.84942627,-51.6370697,-98.39909363,-40.57795715,-115.2292252,-39.48630905
102,-70.80457306,-59.98228073,-69.83085632,-51.64104843,-98.39909363,-40.57051468,-115.2300797,-39.48458862
102.5,-70.80111694,-59.9783287,-69.83217621,-51.66891479,-98.39388275,-40.56977081,-115.2167587,-39.48200989
103,-70.79824066,-59.98244095,-69.82421875,-51.66095352,-98.40281677,-40.5653038,-115.2206268,-39.48114777
103.5,-70.79914093,-59.98511887,-69.81493378,-51.67554855,-98.41323853,-40.56753922,-115.2081299,-39.48587799
104,-70.79787445,-59.98246002,-69.80165863,-51.68350983,-98.40058136,-40.57125854,-115.2077408,-39.47427368
104.5,-70.79318237,-59.98048782,-69.79370117,-51.69544983,-98.40132904,-40.57051468,-115.220192,-39.47556305
105,-70.79857635,-59.98337936,-69.78971863,-51.69544983,-98.41472626,-40.57721329,-115.2120209,-39.47513199
105.5,-70.79951477,-59.98509598,-69.7751236,-51.68881607,-98.41770172,-40.56753922,-115.2154541,-39.48888779
106,-70.79666138,-59.98435211,-69.76052856,-51.67156601,-98.41546631,-40.57200241,-115.2150345,-39.48587799
106.5,-70.78862,-59.9810791,-69.76185608,-51.67687607,-98.41323853,-40.57646942,-115.212883,-39.50006104
107,-70.78940582,-59.98839951,-69.75124359,-51.67687607,-98.41844177,-40.56828308,-115.2206192,-39.50221252
107.5,-70.78401184,-59.98697281,-69.74858856,-51.68350983,-98.42737579,-40.56977081,-115.2120209,-39.5013504
108,-70.78549957,-59.98991394,-69.74726105,-51.69412231,-98.43035126,-40.56604767,-115.2111816,-39.50092316
108.5,-70.78395081,-59.98587418,-69.72735596,-51.65033722,-98.42961121,-40.56381607,-115.2296371,-39.5043602
109,-70.78143311,-59.98595047,-69.72470856,-51.66493225,-98.42961121,-40.54743958,-115.2391052,-39.50994873
109.5,-70.78517914,-59.98420715,-69.70347595,-51.65829849,-98.44300842,-40.55860519,-115.2597275,-39.51639557
110,-70.77957916,-59.98138809,-69.69816589,-51.67156601,-98.44524384,-40.5563736,-115.2678986,-39.518116
110.5,-70.7774353,-59.9872818,-69.68091583,-51.67554855,-98.4526825,-40.56083679,-115.2700272,-39.51295853
111,-70.77243042,-59.98123169,-69.68755341,-51.67289352,-98.44970703,-40.55413818,-115.2691803,-39.51940536
111.5,-70.77362061,-59.98257828,-69.67295837,-51.67422104,-98.44747162,-40.54669571,-115.2777863,-39.52112198
112,-70.7713623,-59.98706436,-69.65836334,-51.67687607,-98.45417023,-40.54818344,-115.2851334,-39.51854324
112.5,-70.76535797,-59.98298645,-69.65039825,-51.66228104,-98.45715332,-40.52511215,-115.2881012,-39.52542114
113,-70.76835632,-59.98043823,-69.65836334,-51.66493225,-98.46533966,-40.52659988,-115.3061676,-39.52155304
113.5,-70.76681519,-59.97724152,-69.64509583,-51.64503098,-98.48394775,-40.53181076,-115.3164749,-39.52284241
114,-70.76117706,-59.98175812,-69.64376831,-51.62512589,-98.48617554,-40.54446411,-115.3164749,-39.5151062
114.5,-70.76631165,-59.97647858,-69.64642334,-51.62247467,-98.50180817,-40.53106689,-115.3212051,-39.51553726
115,-70.76000214,-59.97368622,-69.63845825,-51.62778091,-98.50776672,-40.53329849,-115.31604,-39.51553726
115.5,-70.75639343,-59.98201752,-69.6424408,-51.62910843,-98.50850677,-40.5399971,-115.2983932,-39.5112381
116,-70.75479126,-59.97739792,-69.63580322,-51.60522461,-98.51074219,-40.53031921,-115.2777939,-39.51080704
116.5,-70.75227356,-59.9777832,-69.63182831,-51.61318588,-98.51595306,-40.52585602,-115.2717743,-39.50608063
117,-70.74697113,-59.98113251,-69.60661316,-51.60787964,-98.51595306,-40.53627396,-115.2498627,-39.50951767
117.5,-70.7405777,-59.98041153,-69.61325073,-51.59726334,-98.51818848,-40.53925323,-115.2373886,-39.50994873
118,-70.73735046,-59.98160553,-69.60794067,-51.62778091,-98.53902435,-40.54372025,-115.2107162,-39.50779724
118.5,-70.73950958,-59.98043823,-69.60661316,-51.63574219,-98.5427475,-40.5399971,-115.2008514,-39.50908661
119,-70.73453522,-59.9772644,-69.61590576,-51.64370346,-98.54795837,-40.53702164,-115.189682,-39.49533463
119.5,-70.7326355,-59.97538757,-69.59600067,-51.62380219,-98.54423523,-40.51990128,-115.1939621,-39.4906044
120,-70.73713684,-59.97507477,-69.59334564,-51.62247467,-98.54051208,-40.52213287,-115.1776428,-39.48544693
120.5,-70.73092651,-59.97935486,-69.58273315,-51.63574219,-98.54200745,-40.52064514,-115.1767578,-39.4798584
121,-70.73548889,-59.97702789,-69.57609558,-51.61716461,-98.54944611,-40.52138901,-115.174202,-39.48028946
121.5,-70.72992706,-59.97662735,-69.56415558,-51.60920334,-98.54498291,-40.52213287,-115.1617508,-39.46223831
122,-70.73321533,-59.97410202,-69.55088806,-51.60389709,-98.54944611,-40.52138901,-115.1531296,-39.41366577
122.5,-70.72369385,-59.97487259,-69.55088806,-51.60787964,-98.55986786,-40.50724792,-115.1342239,-39.37541199
123,-70.71920776,-59.97629547,-69.55221558,-51.60655212,-98.56656647,-40.51320267,-115.1251907,-39.37627411
123.5,-70.71921539,-59.98022079,-69.53231049,-51.59062958,-98.57772827,-40.50650406,-115.0981064,-39.38486862
124,-70.71199036,-59.96969604,-69.52832794,-51.59726334,-98.58071136,-40.4983139,-115.0959854,-39.39002609
124.5,-70.71110535,-59.97448349,-69.509758,-51.60124588,-98.57922363,-40.49682617,-115.0968246,-39.39862442
125,-70.70143127,-59.97603607,-69.51638794,-51.60256958,-98.58517456,-40.4893837,-115.0848007,-39.41581726
125.5,-70.70663452,-59.97164536,-69.51771545,-51.60655212,-98.58368683,-40.4707756,-115.0826492,-39.41796494
126,-70.69979858,-59.97016144,-69.50312042,-51.59593582,-98.57475281,-40.47151947,-115.0757751,-39.42054367
126.5,-70.69819641,-59.96839523,-69.48985291,-51.60920334,-98.57550049,-40.46705246,-115.0637512,-39.4252739
127,-70.69882202,-59.96789932,-69.48056793,-51.60256958,-98.56210327,-40.45886612,-115.0478363,-39.42785263
127.5,-70.69709778,-59.95874405,-69.4779129,-51.59991837,-98.54721069,-40.45439911,-115.044838,-39.43343735
128,-70.69321442,-59.96107864,-69.46729279,-51.61185837,-98.54572296,-40.44621277,-115.0443954,-39.43644714
128.5,-70.68928528,-59.96007156,-69.47393036,-51.62778091,-98.55316925,-40.44918823,-115.0465469,-39.44117737
129,-70.68595123,-59.96219254,-69.4686203,-51.62114716,-98.563591,-40.44323349,-115.0387878,-39.44676208
129.5,-70.68122864,-59.95722961,-69.45933533,-51.61053085,-98.56210327,-40.44100189,-115.0323563,-39.44504547
130,-70.67333221,-59.9653511,-69.4566803,-51.60124588,-98.55838013,-40.42909241,-115.0379639,-39.45321274
130.5,-70.66860962,-59.96376801,-69.44739532,-51.60256958,-98.57252502,-40.43951416,-115.0340958,-39.44633484
131,-70.66648102,-59.95781326,-69.44739532,-51.61584091,-98.57772827,-40.43281555,-115.039238,-39.45020294
131.5,-70.66099548,-59.95304871,-69.45005035,-51.61318588,-98.57847595,-40.43281555,-115.0297775,-39.45149231
132,-70.66345978,-59.95666122,-69.45800781,-51.61981964,-98.58963776,-40.43504715,-115.0336533,-39.44719315
132.5,-70.66382599,-59.95314026,-69.45137024,-51.61318588,-98.59783173,-40.42313766,-115.0271835,-39.44160461
133,-70.66682434,-59.961483,-69.44606781,-51.59726334,-98.59559631,-40.43579102,-115.0151825,-39.44074631
133.5,-70.65924835,-59.95477676,-69.43943024,-51.60389709,-98.6030426,-40.43727875,-115.0113373,-39.45192337
134,-70.65463257,-59.9621582,-69.43544769,-51.60256958,-98.60527039,-40.44397736,-115.0095596,-39.45492935
134.5,-70.65386963,-59.95664978,-69.42085266,-51.60787964,-98.60005951,-40.45514297,-115.0134354,-39.45492935
135,-70.65324402,-59.95742798,-69.41687775,-51.59991837,-98.58740997,-40.4477005,-115.0091476,-39.45579147
135.5,-70.64797974,-59.95905304,-69.41024017,-51.60920334,-98.60378265,-40.45737839,-115.0039902,-39.46567535
136,-70.64662933,-59.96105957,-69.40493011,-51.60124588,-98.59783173,-40.4499321,-114.9867783,-39.46782684
136.5,-70.64067078,-59.96059418,-69.38370514,-51.59062958,-98.60229492,-40.45067596,-114.9889526,-39.46266556
137,-70.6452179,-59.96174622,-69.39033508,-51.60389709,-98.60974121,-40.45291138,-114.994957,-39.46438599
137.5,-70.63710785,-59.96383667,-69.38237762,-51.60124588,-98.60974121,-40.47449493,-115.0023117,-39.47341156
138,-70.6415329,-59.96155167,-69.38105011,-51.60389709,-98.60824585,-40.47151947,-114.9911041,-39.46610641
138.5,-70.63310242,-59.96730042,-69.36380005,-51.58797455,-98.60080719,-40.4752388,-114.9915161,-39.46653366
139,-70.63562775,-59.96530914,-69.36114502,-51.58664703,-98.60601807,-40.48194122,-114.9996872,-39.46653366
139.5,-70.63374329,-59.96789551,-69.3598175,-51.58532333,-98.59708405,-40.47673035,-114.9898148,-39.45750809
140,-70.62943268,-59.97065353,-69.3598175,-51.58797455,-98.59410858,-40.47896194,-114.9855042,-39.45664978
140.5,-70.62905884,-59.97253036,-69.35186005,-51.5826683,-98.59708405,-40.48268509,-114.9854736,-39.46094894
141,-70.62898254,-59.97309875,-69.3478775,-51.58664703,-98.60229492,-40.48863983,-114.9786224,-39.45621872
141.5,-70.62553406,-59.97891617,-69.34389496,-51.58797455,-98.58963776,-40.47970581,-114.9777832,-39.45278168
142,-70.6230011,-59.96484756,-69.33992004,-51.56674576,-98.57922363,-40.48119354,-114.9713135,-39.44934082
142.5,-70.62636566,-59.97156906,-69.32929993,-51.58134079,-98.56061554,-40.47821808,-114.9837952,-39.44891357
143,-70.62478638,-59.97257233,-69.32266998,-51.58797455,-98.56507874,-40.4752388,-114.9923706,-39.44031525
143.5,-70.61683655,-59.97572327,-69.32929993,-51.59062958,-98.55763245,-40.47449493,-114.998848,-39.429142
144,-70.61179352,-59.97189331,-69.3147049,-51.57736206,-98.55540466,-40.464077,-115.0005341,-39.43558884
144.5,-70.61251831,-59.97314453,-69.32134247,-51.59726334,-98.55391693,-40.46630859,-115.0069885,-39.43000031
145,-70.61206818,-59.97257233,-69.31603241,-51.60124588,-98.55838013,-40.46556473,-114.9992752,-39.42785263
145.5,-70.60723114,-59.9747963,-69.30674744,-51.60655212,-98.55316925,-40.46035385,-114.9975739,-39.42656326
146,-70.60751343,-59.97746277,-69.30674744,-51.59328461,-98.55391693,-40.44323349,-114.9902344,-39.43085861
146.5,-70.6025238,-59.9728241,-69.30276489,-51.59062958,-98.55838013,-40.43876648,-114.9876556,-39.43515778
147,-70.60205841,-59.96746063,-69.30674744,-51.57736206,-98.53977203,-40.43876648,-114.9906616,-39.41323853
147.5,-70.59706879,-59.97187042,-69.29613495,-51.56674576,-98.54498291,-40.43355942,-114.987236,-39.42054367
148,-70.59615326,-59.97122955,-69.27888489,-51.57736206,-98.54498291,-40.43727875,-114.9678879,-39.41366577
148.5,-70.59598541,-59.97988129,-69.27755737,-51.56276703,-98.56880188,-40.44844437,-114.9622955,-39.40937042
149,-70.58986664,-59.97850418,-69.26959229,-51.56409073,-98.56656647,-40.43653488,-114.9592972,-39.40636063
149.5,-70.58889771,-59.97860718,-69.28418732,-51.55745697,-98.57772827,-40.4246254,-114.9519806,-39.39905167
150,-70.58851624,-59.98177719,-69.27490234,-51.56276703,-98.56656647,-40.41941452,-114.9408188,-39.40034103
150.5,-70.58068085,-59.97569275,-69.2828598,-51.55612946,-98.56656647,-40.41122818,-114.9348068,-39.39002609
151,-70.58065796,-59.97579956,-69.2709198,-51.54684448,-98.56284332,-40.41197205,-114.9283218,-39.38830566
151.5,-70.57344818,-59.97750854,-69.27224731,-51.5494957,-98.54647064,-40.39634323,-114.9223251,-39.39561462
152,-70.57066345,-59.97060013,-69.27490234,-51.54418945,-98.54498291,-40.40080643,-114.9158783,-39.39131546
152.5,-70.56775665,-59.97393036,-69.27622986,-51.53092194,-98.54572296,-40.39038849,-114.90728,-39.39088821
153,-70.56626129,-59.96904373,-69.26826477,-51.5176506,-98.5568924,-40.39113235,-114.8991013,-39.38787842
153.5,-70.56043243,-59.97337723,-69.26694489,-51.51367188,-98.54647064,-40.38145447,-114.8905182,-39.38272095
154,-70.55838013,-59.97262573,-69.25234222,-51.5163269,-98.54721069,-40.38219833,-114.8857803,-39.37068558
154.5,-70.56739807,-59.96798325,-69.24969482,-51.52163315,-98.53604889,-40.37401199,-114.8793488,-39.36896515
155,-70.56020355,-59.97590256,-69.25102234,-51.52826691,-98.54051208,-40.36954498,-114.8681717,-39.37111282
155.5,-70.55684662,-59.97106552,-69.24969482,-51.52561188,-98.55093384,-40.37326813,-114.8540115,-39.36466599
156,-70.55492401,-59.96641541,-69.23111725,-51.51367188,-98.5427475,-40.37252426,-114.834198,-39.36724472
156.5,-70.55245972,-59.97589874,-69.22978973,-51.5057106,-98.54051208,-40.37326813,-114.8384933,-39.36552811
157,-70.55430603,-59.97183228,-69.20988464,-51.50438309,-98.54423523,-40.37549973,-114.8324966,-39.36681747
157.5,-70.55045319,-59.9729538,-69.20988464,-51.51367188,-98.53604889,-40.38964081,-114.8372269,-39.36423874
158,-70.55070496,-59.96979523,-69.2151947,-51.50836563,-98.54423523,-40.38219833,-114.8294449,-39.35736084
158.5,-70.55021667,-59.97050858,-69.19263458,-51.50040436,-98.54572296,-40.3829422,-114.8260574,-39.35607147
159,-70.5467453,-59.96734238,-69.18733215,-51.53224945,-98.54349518,-40.3717804,-114.8187332,-39.34833527
159.5,-70.54881287,-59.97682953,-69.18334961,-51.53224945,-98.55614471,-40.37996674,-114.8071365,-39.35005188
160,-70.5404129,-59.97301865,-69.18334961,-51.52428818,-98.55093384,-40.378479,-114.8002701,-39.34618378
160.5,-70.539711,-59.96892166,-69.17671204,-51.52561188,-98.5568924,-40.37326813,-114.7847595,-39.34446335
161,-70.54468536,-59.97885895,-69.17671204,-51.5163269,-98.55391693,-40.37549973,-114.7809219,-39.34962463
161.5,-70.5383606,-59.9719429,-69.16477203,-51.52030563,-98.56061554,-40.36880112,-114.7766113,-39.340168
162,-70.5458374,-59.98071289,-69.17273712,-51.5176506,-98.5680542,-40.36582565,-114.7680664,-39.34790421
162.5,-70.53829193,-59.9762001,-69.1594696,-51.51499939,-98.57847595,-40.36507797,-114.7624664,-39.340168
163,-70.53848267,-59.97483826,-69.16344452,-51.53622818,-98.59931946,-40.36359024,-114.7572632,-39.33887863
163.5,-70.53132629,-59.98115158,-69.15681458,-51.51897812,-98.60974121,-40.36135864,-114.7516479,-39.33414841
164,-70.52674103,-59.97696304,-69.16609955,-51.52163315,-98.6075058,-40.36433411,-114.7357635,-39.32855988
164.5,-70.52206421,-59.9789505,-69.15814209,-51.51234436,-98.60899353,-40.36284637,-114.7258606,-39.3234024
165,-70.52375793,-59.98036957,-69.1594696,-51.51234436,-98.61048126,-40.36507797,-114.7104034,-39.31480789
165.5,-70.51914215,-59.97607803,-69.14487457,-51.48978806,-98.59857178,-40.36284637,-114.703537,-39.30578232
166,-70.52285767,-59.97924805,-69.150177,-51.48182678,-98.60824585,-40.35316849,-114.6923447,-39.30921936
166.5,-70.51615143,-59.97425461,-69.14487457,-51.4937706,-98.57772827,-40.34423828,-114.6682968,-39.3049202
167,-70.51924896,-59.96962357,-69.14619446,-51.48978806,-98.57028961,-40.33381653,-114.6631546,-39.3117981
167.5,-70.5120697,-59.97533035,-69.14752197,-51.49642181,-98.58145142,-40.3390274,-114.6382217,-39.3049202
168,-70.51857758,-59.97384644,-69.14752197,-51.49642181,-98.58071136,-40.33605194,-114.6107101,-39.30277252
168.5,-70.51287842,-59.96715927,-69.13292694,-51.49907684,-98.58666229,-40.33530807,-114.59095,-39.30664063
169,-70.5072937,-59.96374512,-69.13425446,-51.51234436,-98.58889771,-40.33456039,-114.5711823,-39.31781769
169.5,-70.50450134,-59.97457504,-69.14221954,-51.51101685,-98.58963776,-40.3323288,-114.5668488,-39.31996536
170,-70.49884796,-59.96717453,-69.12895203,-51.50703812,-98.58889771,-40.33084106,-114.5522385,-39.31824493
170.5,-70.49626923,-59.97327042,-69.14752197,-51.50438309,-98.57326508,-40.3323288,-114.5427933,-39.3117981
171,-70.49168396,-59.97023392,-69.14752197,-51.52561188,-98.56061554,-40.32935333,-114.545372,-39.30578232
171.5,-70.49036407,-59.97603989,-69.150177,-51.53490067,-98.54870605,-40.34200668,-114.5393372,-39.30921936
172,-70.48504639,-59.97171021,-69.150177,-51.52693939,-98.53679657,-40.34126282,-114.5212631,-39.31351852
172.5,-70.47906494,-59.96861267,-69.13425446,-51.51234436,-98.52786255,-40.34572601,-114.5075531,-39.30836105
173,-70.47743225,-59.96738815,-69.13425446,-51.5163269,-98.50925446,-40.3323288,-114.4950562,-39.31050873
173.5,-70.47241974,-59.9660759,-69.12762451,-51.50040436,-98.5174408,-40.33679581,-114.4933624,-39.30921936
174,-70.46458435,-59.96815109,-69.12098694,-51.5057106,-98.50776672,-40.34051514,-114.4839096,-39.30449295
174.5,-70.46354675,-59.95890808,-69.12895203,-51.50438309,-98.49288177,-40.34498215,-114.4705811,-39.30363083
175,-70.45943451,-59.9596405,-69.12496948,-51.5057106,-98.50180817,-40.35019302,-114.4598083,-39.30234146
175.5,-70.4568634,-59.95319748,-69.13027191,-51.49111557,-98.50180817,-40.34126282,-114.4563675,-39.30062485
176,-70.4559021,-59.95159149,-69.11965942,-51.48978806,-98.50776672,-40.25491714,-114.4443512,-39.29546356
176.5,-70.45409393,-59.95012665,-69.11700439,-51.4950943,-98.50999451,-40.19760513,-114.4486542,-39.29288483
177,-70.45519257,-59.95350647,-69.11965942,-51.4937706,-98.51669312,-40.20877075,-114.4331818,-39.29202652
177.5,-70.44956207,-59.95293045,-69.11435699,-51.4937706,-98.51892853,-40.21993637,-114.4370575,-39.28944778
178,-70.45697784,-59.94858551,-69.11037445,-51.50305557,-98.52637482,-40.23928833,-114.4413223,-39.29288483
178.5,-70.4438858,-59.94322586,-69.12762451,-51.52030563,-98.52637482,-40.2653389,-114.4378967,-39.2980423
179,-70.4535141,-59.9474411,-69.12364197,-51.49244308,-98.53307343,-40.28022766,-114.431488,-39.30578232
179.5,-70.45439148,-59.94272995,-69.12762451,-51.50040436,-98.54572296,-40.29288101,-114.4198685,-39.30792999
180,-70.45877838,-59.94890976,-69.11567688,-51.4937706,-98.55093384,-40.30999756,-114.4203033,-39.30234146
180.5,-70.45562744,-59.94952011,-69.126297,-51.51367188,-98.55912018,-40.32786179,-114.4177246,-39.29890442
181,-70.45862579,-59.94396973,-69.11567688,-51.50040436,-98.54647064,-40.33828354,-114.4103851,-39.30320358
181.5,-70.4539032,-59.94768524,-69.10771942,-51.4950943,-98.55986786,-40.33084106,-114.4104004,-39.29159546
182,-70.44890594,-59.95052719,-69.12098694,-51.4950943,-98.56210327,-40.35093689,-114.400528,-39.28944778
182.5,-70.45654297,-59.95238113,-69.11302948,-51.48182678,-98.57028961,-40.35242462,-114.3992538,-39.29116821
183,-70.44749451,-59.94866562,-69.10639191,-51.46590424,-98.57102966,-40.36582565,-114.3910446,-39.29245758
183.5,-70.45265198,-59.94137192,-69.11037445,-51.47253799,-98.56210327,-40.36954498,-114.3889084,-39.29417419
184,-70.44654083,-59.94412613,-69.11700439,-51.47121429,-98.56210327,-40.38145447,-114.3850327,-39.29030609
184.5,-70.44703674,-59.9433403,-69.126297,-51.46059799,-98.57401276,-40.38740921,-114.3884659,-39.29245758
185,-70.44861603,-59.94672012,-69.11037445,-51.45263672,-98.56954193,-40.38740921,-114.4000473,-39.29976273
185.5,-70.45104218,-59.94772339,-69.10771942,-51.45927048,-98.57698822,-40.40006256,-114.4099808,-39.29159546
186,-70.44596863,-59.94377518,-69.10240936,-51.44069672,-98.57028961,-40.40378571,-114.4207306,-39.29675293
186.5,-70.44793701,-59.9520607,-69.10108185,-51.44069672,-98.57772827,-40.41122818,-114.4314651,-39.28987885
187,-70.44629669,-59.94350433,-69.11700439,-51.44600296,-98.57550049,-40.40452957,-114.4491043,-39.29030609
187.5,-70.44561768,-59.94816589,-69.12098694,-51.45529175,-98.5680542,-40.41941452,-114.4499359,-39.28514862
188,-70.44364929,-59.95150757,-69.12231445,-51.44733047,-98.57624054,-40.41792679,-114.451683,-39.28128052
188.5,-70.44114685,-59.94770432,-69.10771942,-51.44733047,-98.57102966,-40.42164993,-114.4529343,-39.28084946
189,-70.44522095,-59.9478035,-69.10639191,-51.45794296,-98.56507874,-40.41718292,-114.4585342,-39.28042221
189.5,-70.44237518,-59.946064,-69.11170197,-51.46192551,-98.55093384,-40.41941452,-114.4731522,-39.27741241
190,-70.44306946,-59.94305038,-69.11567688,-51.47917557,-98.54125977,-40.4082489,-114.4800186,-39.28256989
190.5,-70.44057465,-59.94709015,-69.10240936,-51.47386551,-98.53232574,-40.41569519,-114.5096817,-39.28772736
191,-70.44448853,-59.94163132,-69.10373688,-51.47386551,-98.52488708,-40.4082489,-114.5200119,-39.29374695
191.5,-70.44270325,-59.93868256,-69.11037445,-51.47652054,-98.52041626,-40.41495132,-114.5397797,-39.28643799
192,-70.44268036,-59.93944168,-69.11170197,-51.45927048,-98.51148987,-40.4060173,-114.5488129,-39.28944778
192.5,-70.43965912,-59.94225693,-69.10108185,-51.48049927,-98.51595306,-40.40676117,-114.5642853,-39.27053452
193,-70.43591309,-59.94480515,-69.09577942,-51.48846054,-98.52488708,-40.41495132,-114.5741577,-39.20047379
193.5,-70.42749786,-59.94603348,-69.10240936,-51.48580933,-98.5174408,-40.40155029,-114.5772018,-39.17210388
194,-70.42436218,-59.94379044,-69.0944519,-51.46723175,-98.52265167,-40.40452957,-114.5745926,-39.16952515
194.5,-70.42165375,-59.93727493,-69.10506439,-51.46457672,-98.52935028,-40.41420364,-114.5707397,-39.16780853
195,-70.42037201,-59.93671799,-69.10639191,-51.47121429,-98.5286026,-40.40155029,-114.5797424,-39.17339325
195.5,-70.42017365,-59.93481827,-69.09179688,-51.47121429,-98.51520538,-40.38666534,-114.5780563,-39.18671799
196,-70.42350769,-59.93736267,-69.08914185,-51.45396423,-98.52711487,-40.3717804,-114.5750198,-39.18671799
196.5,-70.42150879,-59.93426895,-69.07985687,-51.46059799,-98.53083801,-40.36507797,-114.5806274,-39.18929672
197,-70.41381073,-59.93821335,-69.0851593,-51.45927048,-98.53232574,-40.35689163,-114.5895996,-39.18886948
197.5,-70.40747833,-59.93441772,-69.08781433,-51.4513092,-98.53977203,-40.35391617,-114.5960846,-39.18886948
198,-70.40610504,-59.93919373,-69.09312439,-51.44733047,-98.54721069,-40.35168076,-114.5900574,-39.18972778
198.5,-70.40693665,-59.93244934,-69.10639191,-51.45263672,-98.55316925,-40.35242462,-114.598671,-39.18585968
199,-70.40346527,-59.92542648,-69.09312439,-51.44334793,-98.55242157,-40.3554039,-114.5952301,-39.18328094
199.5,-70.40057373,-59.92417908,-69.0944519,-51.44733047,-98.54795837,-40.35614777,-114.6025238,-39.18284988
200,-70.40023041,-59.92277908,-69.11037445,-51.46059799,-98.55838013,-40.3390274,-114.6025162,-39.18500137
200.5,-70.39614868,-59.92450333,-69.11302948,-51.45263672,-98.55763245,-40.33381653,-114.6102676,-39.18886948
201,-70.3962326,-59.92672348,-69.09975433,-51.44069672,-98.56433105,-40.33605194,-114.6197357,-39.19445801
201.5,-70.39150238,-59.9348259,-69.10108185,-51.44865799,-98.57550049,-40.34051514,-114.6175995,-39.18199158
202,-70.39358521,-59.92752457,-69.09312439,-51.45396423,-98.56284332,-40.34126282,-114.6115494,-39.18284988
202.5,-70.39124298,-59.9276886,-69.09975433,-51.4393692,-98.56954193,-40.33679581,-114.6210251,-39.1798439
203,-70.38677979,-59.92544556,-69.11170197,-51.44467545,-98.56880188,-40.33381653,-114.6162796,-39.172966
203.5,-70.3914032,-59.92939758,-69.11567688,-51.46457672,-98.56507874,-40.32711792,-114.6179962,-39.17554474
204,-70.39141846,-59.93005753,-69.11302948,-51.44467545,-98.56507874,-40.33158493,-114.6175842,-39.17124557
204.5,-70.39096832,-59.93205261,-69.10904694,-51.47386551,-98.56507874,-40.33307266,-114.6218491,-39.16866684
205,-70.39432526,-59.93407822,-69.12098694,-51.46988678,-98.56284332,-40.31669617,-114.6240387,-39.17081451
205.5,-70.39118195,-59.92696762,-69.11302948,-51.47917557,-98.5568924,-40.31967545,-114.6137161,-39.17124557
206,-70.39112091,-59.92336273,-69.11037445,-51.46059799,-98.55912018,-40.3159523,-114.6107025,-39.17726517
206.5,-70.39147949,-59.93149948,-69.10639191,-51.47917557,-98.55614471,-40.32041931,-114.5909119,-39.18113327
207,-70.3925705,-59.93268585,-69.09179688,-51.48713303,-98.56284332,-40.31148911,-114.5952377,-39.18500137
207.5,-70.39691162,-59.92948151,-69.09975433,-51.47917557,-98.55912018,-40.30850983,-114.5935059,-39.17898178
208,-70.39318085,-59.92152405,-69.0944519,-51.46590424,-98.56582642,-40.30032349,-114.591774,-39.17683411
208.5,-70.39569092,-59.91833878,-69.09710693,-51.46723175,-98.56061554,-40.29436874,-114.5845032,-39.16178894
209,-70.39655304,-59.92079544,-69.07720184,-51.46192551,-98.57028961,-40.29362488,-114.5853424,-39.15362167
209.5,-70.39628601,-59.9177742,-69.0944519,-51.44865799,-98.58443451,-40.29808807,-114.5866241,-39.1544838
210,-70.39621735,-59.91498184,-69.08914185,-51.43140793,-98.59187317,-40.29808807,-114.593544,-39.14803696
210.5,-70.39396667,-59.92429733,-69.08648682,-51.44733047,-98.60005951,-40.30329895,-114.5947876,-39.1476059
211,-70.38644409,-59.92250443,-69.07985687,-51.45396423,-98.59484863,-40.29808807,-114.6012497,-39.14975357
211.5,-70.39244843,-59.91872025,-69.07189178,-51.45396423,-98.59113312,-40.29288101,-114.5973969,-39.15748978
212,-70.39589691,-59.91441345,-69.06658936,-51.46855927,-98.59113312,-40.29511261,-114.5904922,-39.15620041
212.5,-70.39176178,-59.91694641,-69.07587433,-51.46325302,-98.59484863,-40.29957962,-114.5977936,-39.16093063
213,-70.39374542,-59.92037201,-69.08781433,-51.45927048,-98.59634399,-40.29138947,-114.5973511,-39.16222
213.5,-70.38983154,-59.91901398,-69.08648682,-51.44998169,-98.61048126,-40.29436874,-114.5995026,-39.1583519
214,-70.39295197,-59.9254303,-69.08914185,-51.45794296,-98.61048126,-40.29883575,-114.6046829,-39.15577316
214.5,-70.39264679,-59.92145538,-69.10373688,-51.46059799,-98.59262085,-40.29436874,-114.5978012,-39.15362167
215,-70.38578796,-59.92098618,-69.10639191,-51.45529175,-98.60601807,-40.30181122,-114.6124115,-39.14803696
215.5,-70.38538361,-59.91979599,-69.11302948,-51.45263672,-98.61345673,-40.30181122,-114.6025009,-39.14975357
216,-70.383461,-59.920578,-69.10506439,-51.46192551,-98.62015533,-40.30181122,-114.5956497,-39.14330673
216.5,-70.39345551,-59.92032623,-69.10771942,-51.47253799,-98.60527039,-40.30181122,-114.5900879,-39.1553421
217,-70.39309692,-59.92041397,-69.12762451,-51.46590424,-98.60824585,-40.28469086,-114.5857773,-39.15104294
217.5,-70.39237976,-59.92020035,-69.12496948,-51.47784805,-98.59931946,-40.28915787,-114.57547,-39.15104294
218,-70.38931274,-59.92124939,-69.11037445,-51.48049927,-98.60154724,-40.28097153,-114.5668488,-39.15748978
218.5,-70.38580322,-59.92344284,-69.10506439,-51.45927048,-98.60675812,-40.28097153,-114.5574112,-39.15491104
219,-70.38716125,-59.9186554,-69.10904694,-51.46723175,-98.61420441,-40.27203751,-114.5449524,-39.16135788
219.5,-70.38755035,-59.92696762,-69.10639191,-51.48049927,-98.62387848,-40.2631073,-114.5466385,-39.15190506
220,-70.3841095,-59.92600632,-69.10771942,-51.47917557,-98.62015533,-40.2653389,-114.5363464,-39.15233231
220.5,-70.37876129,-59.92760086,-69.10904694,-51.46988678,-98.62983704,-40.26161575,-114.5264511,-39.1338501
221,-70.38137817,-59.93346786,-69.11567688,-51.47784805,-98.64323425,-40.26682663,-114.5208817,-39.13127136
221.5,-70.37451935,-59.93272781,-69.10506439,-51.4831543,-98.63504791,-40.25342941,-114.5144119,-39.12482452
222,-70.36843109,-59.93218231,-69.09843445,-51.49244308,-98.6186676,-40.2631073,-114.4985123,-39.12181473
222.5,-70.36965179,-59.92282867,-69.10771942,-51.49244308,-98.62611389,-40.25789642,-114.4851761,-39.11579895
223,-70.36606598,-59.92469406,-69.09843445,-51.49774933,-92.95059204,-40.25864029,-114.4739914,-39.11708832
223.5,-68.95072937,-59.91950989,-66.37838745,-51.51101685,-85.29290771,-40.26459503,-108.9382858,-39.11794662
224,-65.09944153,-59.9267807,-60.34784698,-51.53755569,-80.65274811,-40.26608276,-99.86638641,-39.11536789
224.5,-63.51924133,-59.92030716,-58.17844391,-51.52693939,-77.28762817,-40.2675705,-93.61374664,-39.12353516
225,-62.52655792,-59.92303848,-56.79984665,-51.52428818,-74.60877991,-40.27129364,-88.8633194,-39.12224579
225.5,-61.79825592,-59.91094589,-55.74499893,-51.52428818,-72.38174438,-40.27947998,-85.02456665,-39.12095642
226,-61.21978378,-59.91561127,-54.88918304,-51.52030563,-70.47550964,-40.27352524,-81.80602264,-39.12052536
226.5,-60.727211,-59.90906906,-54.14481735,-51.50969315,-68.80597687,-40.26980591,-79.03837585,-39.11364746
227,-60.30976868,-59.91098785,-53.48669815,-51.5176506,-67.32698822,-40.2653389,-76.62664032,-39.11751938
227.5,-59.94192886,-59.90919113,-52.86175156,-51.50173187,-65.9864502,-40.26236343,-74.48007202,-39.11021042
228,-59.6187973,-59.91083908,-52.31641769,-51.50173187,-64.76276398,-40.24300766,-72.55360413,-39.10848999
228.5,-59.31757736,-59.90852356,-51.78833008,-51.5057106,-63.63436127,-40.2400322,-70.80680847,-39.10677338
229,-59.05739212,-59.90279388,-51.29872131,-51.50836563,-62.5759201,-40.23854446,-69.19968414,-39.11278915
229.5,-58.81770325,-59.90966797,-50.83166885,-51.50438309,-61.58521652,-40.23109818,-67.72624969,-39.11364746
230,-58.59666824,-59.90357971,-50.38319397,-51.5163269,-60.61907578,-40.21993637,-66.35941315,-39.11278915
230.5,-58.39146805,-59.89782333,-49.94002533,-51.51234436,-59.44824219,-40.21695709,-65.07937622,-39.09903336
231,-58.1935463,-59.89691544,-49.51277924,-51.50040436,-57.71841812,-40.21249008,-63.86984253,-39.10161591
231.5,-58.02875519,-59.90075302,-49.0802269,-51.50305557,-56.76418304,-40.2005806,-62.70329666,-39.10977936
232,-57.86309052,-59.8952446,-48.66624832,-51.50438309,-55.98189163,-40.18941879,-61.5535202,-39.09430695
232.5,-57.7156601,-59.88868713,-48.25226974,-51.52693939,-55.15121841,-40.16931915,-60.42996216,-39.09774399
233,-57.58065033,-59.88304138,-47.81573868,-51.52428818,-54.2118721,-40.15145493,-59.27244568,-39.09989548
233.5,-57.44456482,-59.88164902,-47.39910507,-51.50305557,-53.11472702,-40.12838364,-58.07108307,-39.10032272
234,-57.32295227,-59.87857056,-46.9838028,-51.51101685,-51.71910858,-40.09712219,-56.79063416,-39.09903336
234.5,-57.20489883,-59.87991714,-46.5565567,-51.52959442,-49.55012512,-40.07553482,-55.39670944,-39.09860611
235,-57.09755325,-59.8826561,-46.12665558,-51.53357315,-47.84337616,-40.04874039,-53.85836792,-39.08657074
235.5,-57.00354385,-59.88312912,-45.69940948,-51.50703812,-46.27655792,-40.02492142,-52.14809418,-39.0908699
236,-56.9010582,-59.87817001,-45.30666351,-51.49907684,-44.66210175,-40.02119827,-50.28437042,-39.08184052
236.5,-56.81372452,-59.87018967,-44.909935,-51.50040436,-42.97768021,-40.01896667,-48.29814911,-39.07367706
237,-56.7305336,-59.87268066,-44.54239655,-51.50173187,-41.34238815,-40.00556946,-46.29301834,-39.06206894
237.5,-56.65171432,-59.87796402,-44.21599197,-51.48713303,-39.76663589,-39.99514771,-44.41897964,-39.04187012
238,-56.56629944,-59.87888336,-43.90683365,-51.48713303,-37.98247528,-39.98993683,-42.79639053,-39.03541946
238.5,-56.49093628,-59.87371445,-43.62288666,-51.49244308,-37.40487289,-39.98472595,-41.55075836,-39.02940369
239,-56.41729355,-59.86842346,-43.33628845,-51.48448181,-37.49717331,-39.9743042,-40.67305374,-39.01651001
239.5,-56.35303879,-59.86909485,-43.11072159,-51.4831543,-37.78820419,-39.9720726,-40.11170197,-39.02209473
240,-56.2901268,-59.87080002,-42.91302109,-51.4950943,-38.01820374,-39.96537399,-39.76698303,-39.02338409
240.5,-56.22461319,-59.86392212,-42.72460938,-51.47253799,-38.14771652,-39.96760559,-39.55593872,-39.02037811
241,-56.16650772,-59.85787582,-42.58661652,-51.46855927,-38.19609833,-39.96834946,-39.3977623,-39.01865768
241.5,-56.11386871,-59.85661316,-42.45658493,-51.46059799,-38.1946106,-39.97058487,-39.23958969,-39.00662231
242,-56.05665588,-59.85960388,-42.3650322,-51.46457672,-38.15665054,-39.9743042,-39.05992126,-39.00318527
242.5,-56.01334,-59.86046219,-42.29205704,-51.46988678,-38.1276207,-39.96909714,-38.8707962,-38.99888611
243,-55.96513748,-59.85588837,-42.22836685,-51.46457672,-38.10454559,-39.96388626,-38.68468475,-38.99458694
243.5,-55.9189415,-59.85480499,-42.19254303,-51.47386551,-38.09114838,-39.96611786,-38.49728012,-38.99759674
244,-55.8743248,-59.85967636,-42.15273666,-51.46059799,-38.0837059,-39.96165085,-38.33437729,-38.98942947
244.5,-55.83069229,-59.852005,-42.14875412,-51.45396423,-38.10454559,-39.96165085,-38.18651581,-38.9834137
245,-55.78941345,-59.85220718,-42.13150787,-51.42742538,-38.16409302,-39.96239471,-38.04166412,-38.97868347
245.5,-55.75268555,-59.85341644,-42.11823654,-51.4287529,-38.19684219,-39.96239471,-37.91529846,-38.98770905
246,-55.71467209,-59.8566246,-42.10231781,-51.43140793,-38.25564575,-39.96834946,-37.8082695,-38.984272
246.5,-55.68054199,-59.85311127,-42.1009903,-51.4287529,-38.33230972,-39.96909714,-37.71070099,-38.98083496
247,-55.6447525,-59.84560013,-42.11160278,-51.41283035,-38.40823364,-39.97653961,-37.62860489,-38.97266769
247.5,-55.61401749,-59.84635162,-42.11425781,-51.42079163,-38.48713303,-39.98770523,-37.47687531,-38.96406937
248,-55.58220673,-59.84467697,-42.12752533,-51.43140793,-38.55337906,-39.98175049,-36.90090942,-38.95332336
248.5,-55.55212402,-59.83837891,-42.15008163,-51.42211914,-38.64493179,-39.99216843,-36.79431152,-38.9451561
249,-55.51694489,-59.83731461,-42.15406418,-51.4168129,-38.74839401,-39.99216843,-36.79001617,-38.92882538
249.5,-55.49127579,-59.84261703,-42.16069794,-51.38762283,-38.84515381,-39.99365997,-36.78700638,-38.92452621
250,-55.47013092,-59.83803558,-42.17662048,-51.41017914,-38.93596268,-39.98919296,-36.78528595,-38.90604401
250.5,-55.44501877,-59.83497238,-42.18192673,-51.39425659,-39.04016876,-39.98398209,-36.80463028,-38.91249084
251,-55.42470169,-59.84191895,-42.19519424,-51.37700653,-39.152565,-39.99663544,-36.88242722,-38.90561295
251.5,-55.40160751,-59.84043503,-42.20581055,-51.38098526,-39.25230408,-39.9884491,-36.97913742,-38.90948105
252,-55.37451172,-59.83348465,-42.22173309,-51.36771774,-39.36767578,-39.98770523,-37.09089279,-38.90647507
252.5,-55.35945129,-59.83621597,-42.24826813,-51.37833405,-39.48304749,-39.96686172,-37.2022171,-38.89787674
253,-55.33072662,-59.82928848,-42.2562294,-51.36108398,-39.62074661,-39.96537399,-37.30666351,-38.90045547
253.5,-55.31608582,-59.82368469,-42.27347946,-51.34914398,-39.77780151,-39.97132874,-37.41584015,-38.90088654
254,-55.30160141,-59.8219986,-42.28409576,-51.35710526,-39.93113327,-39.96537399,-37.51985931,-38.90432358
254.5,-55.28770828,-59.82172394,-42.28807449,-51.35312271,-40.10009766,-39.96909714,-37.64450836,-38.89658737
255,-55.26896667,-59.82516479,-42.30266953,-51.36373901,-40.25789642,-39.97356033,-37.76356888,-38.89959717
255.5,-55.25107956,-59.81513977,-42.30930328,-51.37170029,-40.41718292,-39.97281647,-37.88134003,-38.90475464
256,-55.23680496,-59.81576538,-42.33849716,-51.35577774,-40.5794487,-39.96537399,-38.0175972,-38.9021759
256.5,-55.22167587,-59.81930542,-42.35176468,-51.35975647,-40.73278046,-39.96016312,-38.15084076,-38.90432358
257,-55.21429825,-59.82206726,-42.35043716,-51.36108398,-40.87792206,-39.95123291,-38.29096222,-38.90948105
257.5,-55.2005806,-59.81544495,-42.38493729,-51.36771774,-41.04167557,-39.94750977,-38.44226074,-38.90604401
258,-55.19041061,-59.81177902,-42.38360977,-51.3624115,-41.20319748,-39.95197678,-38.59571075,-38.89400864
258.5,-55.17741394,-59.81399918,-42.40085602,-51.33587265,-41.36620331,-39.95718765,-38.76678085,-38.89357758
259,-55.16995621,-59.80705261,-42.42872238,-51.35312271,-41.52102661,-39.95718765,-38.94644547,-38.89228821
259.5,-55.15826797,-59.81093216,-42.42872238,-51.33720016,-41.67882538,-39.96016312,-39.13428116,-38.89400864
260,-55.14714813,-59.80213547,-42.44464493,-51.35312271,-41.8351326,-39.96016312,-39.31695557,-38.88713074
260.5,-55.13722229,-59.80555344,-42.46985245,-51.34118271,-41.99144363,-39.95718765,-39.51209641,-38.895298
261,-55.12445831,-59.79822159,-42.47117996,-51.35842896,-42.13882065,-39.95941925,-39.71755219,-38.88283157
261.5,-55.12263489,-59.79873657,-42.50568008,-51.36506271,-42.29810715,-39.96090698,-39.91312408,-38.88713074
262,-55.11584854,-59.79573059,-42.52027512,-51.36639023,-42.46260452,-39.95941925,-40.09622955,-38.88713074
262.5,-55.09917831,-59.79733276,-42.53619766,-51.37037277,-42.62561417,-39.96165085,-40.28792953,-38.88799286
263,-55.09278488,-59.79627991,-42.55212021,-51.37567902,-42.78266907,-39.95420837,-40.48350143,-38.88928223
263.5,-55.08029175,-59.79526901,-42.55609894,-51.35577774,-42.93450928,-39.95048523,-40.67305374,-38.88885117
264,-55.07353592,-59.79855347,-42.57865524,-51.32923889,-43.10868454,-39.97132874,-40.8553009,-38.8884201
264.5,-55.06267166,-59.79440308,-42.61580658,-51.3186264,-43.27169418,-39.97728348,-41.03969574,-38.884552
265,-55.05907822,-59.7970314,-42.62509537,-51.29341507,-43.4280014,-39.98175049,-41.22795868,-38.87724686
265.5,-55.05683899,-59.79600525,-42.65163422,-51.30402756,-43.58654404,-39.98175049,-41.41836929,-38.8776741
266,-55.05085754,-59.78894043,-42.66755295,-51.28943253,-43.73913193,-39.98770523,-41.60319519,-38.87724686
266.5,-55.04893112,-59.79718781,-42.69807053,-51.29208755,-43.88725281,-40.00407791,-41.79403687,-38.88111496
267,-55.03765106,-59.79103088,-42.73257065,-51.28810883,-44.05026245,-40.01226807,-41.98058319,-38.87853622
267.5,-55.03138351,-59.79169083,-42.75645447,-51.27616501,-44.19317627,-40.02715302,-42.16669464,-38.87638474
268,-55.0227356,-59.79520035,-42.77370453,-51.26289749,-44.34055328,-40.03385162,-42.33260727,-38.88025284
268.5,-55.0242691,-59.78721619,-42.79626083,-51.26156998,-44.48346329,-40.02938461,-42.50410843,-38.87509537
269,-55.02677917,-59.79085541,-42.82146835,-51.24697495,-44.61744308,-40.03831863,-42.67303085,-38.87853622
269.5,-55.0202179,-59.78757477,-42.84667969,-51.24697495,-44.75812149,-40.03310776,-42.83894348,-38.87337875
270,-55.01142502,-59.78072739,-42.86525726,-51.22839737,-44.88689041,-40.03162003,-43.00012589,-38.87552643
270.5,-55.01576233,-59.77576828,-42.91169357,-51.20982361,-45.00747299,-40.01971054,-43.16260147,-38.87165833
271,-55.01895905,-59.77371597,-42.93292618,-51.2204361,-45.12210083,-40.02194214,-43.31304169,-38.8707962
271.5,-55.01832962,-59.77437973,-42.94884872,-51.20053482,-45.24342728,-40.02864075,-43.46863556,-38.86177063
272,-55.01794052,-59.77133179,-42.97671127,-51.20318985,-45.35954285,-40.02342987,-43.62423325,-38.85016632
272.5,-55.01979065,-59.76519394,-43.00192261,-51.20716858,-45.47565842,-40.03013229,-43.77166367,-38.85059738
273,-55.0188446,-59.76718903,-43.04305267,-51.21247482,-45.59549332,-40.03757477,-43.91264725,-38.84801865
273.5,-55.01954269,-59.76461029,-43.07224274,-51.20186234,-45.70267868,-40.03533936,-44.05491638,-38.84629822
274,-55.02080536,-59.76905441,-43.09479904,-51.20716858,-45.80762863,-40.02119827,-44.20105743,-38.84629822
274.5,-55.02483749,-59.77268982,-43.11603165,-51.21645737,-45.91630173,-40.01449966,-44.32570648,-38.85145569
275,-55.0206337,-59.76238632,-43.13195419,-51.21645737,-46.03390503,-40.01077652,-44.45895386,-38.85016632
275.5,-55.02644348,-59.76550293,-43.14787674,-51.22574615,-46.1269455,-40.01673126,-44.5827446,-38.84629822
276,-55.02499008,-59.7604866,-43.1770668,-51.20451736,-46.2311554,-40.00035858,-44.69406891,-38.85446548
276.5,-55.02835846,-59.76258469,-43.20227432,-51.18461227,-46.32791519,-40.01003265,-44.81570816,-38.84930801
277,-55.02955627,-59.75847626,-43.2327919,-51.18328476,-46.42914581,-40.0159874,-44.9356308,-38.83512115
277.5,-55.0329628,-59.75999832,-43.24606323,-51.18461227,-46.51027679,-40.01971054,-45.05211258,-38.83469391
278,-55.02030945,-59.75400543,-43.2871933,-51.17134476,-46.60108566,-40.02045441,-45.15827942,-38.82265854
278.5,-55.0282135,-59.75109863,-43.32036591,-51.18593979,-46.69784927,-40.00928879,-45.2640152,-38.82179642
279,-55.02938843,-59.74869537,-43.3415947,-51.17267227,-46.79312515,-40.01003265,-45.35513687,-38.82523727
279.5,-55.02027512,-59.74217224,-43.38007355,-51.18593979,-46.88393021,-40.01524353,-45.4634552,-38.83297348
280,-55.03032303,-59.74565125,-43.39732361,-51.16205597,-46.95911026,-40.00482178,-45.55801773,-38.82824707
280.5,-55.0251503,-59.74620438,-43.43181992,-51.17267227,-47.05215073,-39.99886703,-45.65644455,-38.81707001
281,-55.02854919,-59.74403381,-43.45039749,-51.17930603,-47.13774872,-40.00705719,-45.75186539,-38.81921768
281.5,-55.02883911,-59.74269104,-43.48224258,-51.16205597,-47.22632599,-39.9973793,-45.8300972,-38.80331421
282,-55.03121567,-59.74185562,-43.51939392,-51.16338348,-47.29927063,-40.00184631,-45.9160614,-38.79256821
282.5,-55.03240585,-59.74073792,-43.5392952,-51.17399979,-47.36625671,-40.00259018,-45.99600601,-38.77752686
283,-55.0377655,-59.73812485,-43.56317902,-51.17930603,-47.44366837,-40.00110245,-46.07423782,-38.77236938
283.5,-55.03528214,-59.73802567,-43.59104156,-51.18063354,-47.51959229,-40.00259018,-46.14644623,-38.76634979
284,-55.04399872,-59.73469543,-43.60961914,-51.18195724,-47.59700012,-40.00556946,-46.22424316,-38.76377106
284.5,-55.04745483,-59.7286377,-43.63350296,-51.17399979,-47.66994476,-40.01077652,-46.30032349,-38.76119232
285,-55.05067062,-59.72875595,-43.65871429,-51.16205597,-47.74735641,-40.00482178,-46.37210464,-38.75861359
285.5,-55.05316925,-59.73048782,-43.69453812,-51.15011597,-47.81285858,-40.01152039,-46.43657684,-38.75947189
286,-55.06040192,-59.72710037,-43.72638321,-51.14480591,-47.88133621,-40.00854492,-46.50706863,-38.75431442
286.5,-55.06646347,-59.72314453,-43.7582283,-51.14348221,-47.94758224,-40.02640915,-46.57756042,-38.74958801
287,-55.06710434,-59.72717285,-43.79405212,-51.14215469,-48.0086174,-40.03162003,-46.63644791,-38.74098969
287.5,-55.0671196,-59.72137833,-43.82722092,-51.15542221,-48.06741714,-40.03385162,-46.697052,-38.73282242
288,-55.07420349,-59.7239151,-43.84579849,-51.15276718,-48.1172905,-40.05245972,-46.76109695,-38.71820831
288.5,-55.07824707,-59.72541809,-43.87233734,-51.17399979,-48.1842804,-40.05171585,-46.81181717,-38.71047211
289,-55.07963562,-59.71826172,-43.90417862,-51.17001724,-48.23638153,-40.05767059,-46.86726379,-38.71004486
289.5,-55.07783508,-59.71737289,-43.91877365,-51.18593979,-48.31453705,-40.05841446,-46.92399979,-38.70746613
290,-55.08630371,-59.72040558,-43.93867874,-51.20053482,-48.37929153,-40.06511307,-46.9777298,-38.69628906
290.5,-55.09133148,-59.72254562,-43.95460129,-51.19920731,-48.43362808,-40.08521271,-47.03188705,-38.6997261
291,-55.09853363,-59.71813583,-43.97715759,-51.20982361,-48.49317551,-40.07851028,-47.08303452,-38.68726349
291.5,-55.0911293,-59.71866226,-44.01961517,-51.20053482,-48.54528046,-40.08670044,-47.14063263,-38.69113159
292,-55.10642242,-59.71924973,-44.04880524,-51.18063354,-48.59217072,-40.08223343,-47.19306946,-38.68554306
292.5,-55.11280823,-59.71795273,-44.07136154,-51.18991852,-48.63980865,-40.09488678,-47.24335861,-38.68769073
293,-55.11423874,-59.7154541,-44.08728409,-51.17930603,-48.67628098,-40.09488678,-47.29665756,-38.68597412
293.5,-55.1211853,-59.71636581,-44.12841797,-51.18461227,-48.72540665,-40.10902786,-47.34178925,-38.68253326
294,-55.12329102,-59.71627808,-44.14168549,-51.17267227,-48.7775116,-40.10977554,-47.38348389,-38.67952728
294.5,-55.13295364,-59.71595383,-44.17353058,-51.18593979,-48.81472778,-40.11423874,-47.43076324,-38.67780685
295,-55.14165497,-59.70582962,-44.21068192,-51.18991852,-48.84896469,-40.12093735,-47.47546387,-38.67049789
295.5,-55.1445694,-59.71328735,-44.23191071,-51.18593979,-48.88841629,-40.11573029,-47.50297546,-38.67479706
296,-55.15484238,-59.71710587,-44.2743721,-51.19920731,-48.92414474,-40.11200714,-47.54423904,-38.67479706
296.5,-55.16191483,-59.71335602,-44.29692841,-51.18991852,-48.971035,-40.10977554,-47.58034134,-38.67909622
297,-55.17247391,-59.71102905,-44.32479095,-51.19920731,-49.00676346,-40.12093735,-47.61043167,-38.67565918
297.5,-55.17931747,-59.71576309,-44.36061859,-51.20584106,-49.04919052,-40.12317276,-47.62805176,-38.66448212
298,-55.18784332,-59.71506882,-44.38051987,-51.19522858,-49.06854248,-40.12838364,-47.65727997,-38.66147232
298.5,-55.18888092,-59.7212677,-44.40440369,-51.20053482,-49.09980774,-40.1335907,-47.67447281,-38.64986801
299,-55.19921494,-59.71580124,-44.43889999,-51.19257355,-49.13181305,-40.13210297,-47.68564987,-38.64213181
299.5,-55.20682144,-59.71961594,-44.45349503,-51.18461227,-49.18168259,-40.1335907,-47.71444702,-38.63267517
300,-55.20306778,-59.71737671,-44.49197388,-51.18991852,-49.21815491,-40.15145493,-47.73637009,-38.61935043
300.5,-55.20857239,-59.71562195,-44.49993515,-51.17134476,-49.26802444,-40.14103699,-47.75399399,-38.59872055
301,-55.20820236,-59.71273041,-44.526474,-51.18461227,-49.29481888,-40.14103699,-47.76989746,-38.58496475
301.5,-55.21799469,-59.71022034,-44.55964279,-51.18195724,-49.3312912,-40.15592194,-47.78236008,-38.57679749
302,-55.21873856,-59.70740128,-44.58618164,-51.18859482,-49.3707428,-40.16783142,-47.80857849,-38.57035065
302.5,-55.2258873,-59.70694351,-44.63129425,-51.18461227,-49.39679337,-40.17155457,-47.8300705,-38.56175232
303,-55.23031235,-59.70218277,-44.65517807,-51.18991852,-49.43252182,-40.17676544,-47.84253693,-38.55659485
303.5,-55.23318481,-59.69775009,-44.67640686,-51.17134476,-49.46006393,-40.17750931,-47.86058807,-38.5492897
304,-55.24084473,-59.70628357,-44.70692444,-51.19257355,-49.49132538,-40.16187668,-47.87477493,-38.53983307
304.5,-55.25209808,-59.70967865,-44.7241745,-51.20982361,-49.50844193,-40.16485596,-47.90056229,-38.53811264
305,-55.24459076,-59.70003891,-44.74142456,-51.19920731,-49.53226089,-40.17453003,-47.9121666,-38.53596497
305.5,-55.25462341,-59.70524979,-44.76928711,-51.2204361,-49.55161667,-40.17006302,-47.93451691,-38.54370117
306,-55.26020813,-59.70082855,-44.78786469,-51.21247482,-49.5806427,-40.16262054,-47.9435463,-38.54026413
306.5,-55.25955963,-59.70521545,-44.80511093,-51.21778488,-49.61339569,-40.15890121,-47.94956207,-38.54713821
307,-55.26833344,-59.69786072,-44.82236099,-51.2204361,-49.63572311,-40.16410828,-47.94827271,-38.55315781
307.5,-55.2767868,-59.69590759,-44.84226227,-51.22707367,-49.6617775,-40.14252472,-47.95386124,-38.55186844
308,-55.2780571,-59.69378281,-44.86481857,-51.2429924,-49.67666245,-40.15369034,-47.95558167,-38.54327011
308.5,-55.29098511,-59.69761658,-44.89268494,-51.22707367,-49.70643616,-40.14029312,-47.96331787,-38.5308075
309,-55.29104614,-59.69553375,-44.91524124,-51.22707367,-49.72653198,-40.13954544,-47.97664261,-38.51576233
309.5,-55.2985878,-59.6932373,-44.94045258,-51.22441864,-49.7630043,-40.12689209,-47.98910522,-38.51533127
310,-55.30865097,-59.69658279,-44.97760391,-51.21512985,-49.78384781,-40.12019348,-48.00629807,-38.50544739
310.5,-55.31136322,-59.69321823,-45.00679398,-51.20318985,-49.80171204,-40.11870575,-48.02736282,-38.49900055
311,-55.31225204,-59.69783783,-45.02669525,-51.20849609,-49.81510925,-40.12168503,-48.04283524,-38.49470139
311.5,-55.3176651,-59.69703674,-45.04394531,-51.20186234,-49.81361771,-40.12763977,-48.05142975,-38.48567581
312,-55.31952286,-59.69423676,-45.06119537,-51.21512985,-49.8299942,-40.12540436,-48.07163239,-38.48094559
312.5,-55.32307053,-59.70503235,-45.08773041,-51.20053482,-49.83148193,-40.11796188,-48.09484482,-38.47449875
313,-55.32842255,-59.69327545,-45.10365295,-51.20053482,-49.85604477,-40.10902786,-48.1184845,-38.46633148
313.5,-55.33558273,-59.69646072,-45.13151932,-51.19390106,-49.86572266,-40.11200714,-48.13524628,-38.45816422
314,-55.3432312,-59.70209503,-45.16867065,-51.21247482,-49.87837601,-40.11647415,-48.15372849,-38.43452454
314.5,-55.33797836,-59.69328308,-45.20051193,-51.19920731,-49.88731003,-40.12168503,-48.18166733,-38.42377853
315,-55.33941269,-59.70436478,-45.23235703,-51.20849609,-49.91038132,-40.11423874,-48.19499207,-38.40701675
315.5,-55.3396759,-59.70465851,-45.2509346,-51.21247482,-49.92452621,-40.11870575,-48.2113266,-38.39971161
316,-55.3422699,-59.69779205,-45.28543091,-51.21247482,-49.94536591,-40.11647415,-48.23152924,-38.39326096
316.5,-55.35128021,-59.69595337,-45.30400848,-51.21645737,-49.97216034,-40.12242889,-48.24743271,-38.38423538
317,-55.34528732,-59.69546509,-45.31594849,-51.22707367,-49.99895859,-40.11944962,-48.26118469,-38.38036728
317.5,-55.3540535,-59.69766998,-45.34115982,-51.22972488,-50.01309967,-40.12242889,-48.27837753,-38.37564087
318,-55.36022949,-59.70467758,-45.35442734,-51.24034119,-50.01682281,-40.11944962,-48.27795029,-38.38423538
318.5,-55.3612442,-59.70030594,-45.39025497,-51.26953125,-50.02426529,-40.12242889,-48.29213333,-38.38595581
319,-55.36689758,-59.70016479,-45.43005753,-51.26289749,-50.03840637,-40.1335907,-48.30588913,-38.39197159
319.5,-55.36566925,-59.70052338,-45.43271255,-51.26422501,-50.04510498,-40.12838364,-48.31964111,-38.39283371
320,-55.37319946,-59.69867706,-45.45792389,-51.23503494,-50.04510498,-40.14550018,-48.32909775,-38.40013885
320.5,-55.37841797,-59.69979095,-45.48313141,-51.23370743,-50.04585266,-40.14996719,-48.33038712,-38.41432571
321,-55.37783051,-59.6962204,-45.49374771,-51.24431992,-50.05999374,-40.15071106,-48.35102081,-38.41303253
321.5,-55.38186646,-59.69407654,-45.51364899,-51.23768616,-50.06594849,-40.15220261,-48.35359955,-38.41862106
322,-55.38184738,-59.69339371,-45.53753281,-51.2536087,-50.0793457,-40.15220261,-48.35617828,-38.42464066
322.5,-55.38279343,-59.68848038,-45.56539917,-51.24962997,-50.08381271,-40.15220261,-48.37680817,-38.42979813
323,-55.38639832,-59.69060135,-45.57203293,-51.2310524,-50.08306885,-40.14996719,-48.38798523,-38.43710327
323.5,-55.38490677,-59.68806458,-45.59060669,-51.23768616,-50.08306885,-40.14922333,-48.40216827,-38.45085907
324,-55.3855629,-59.69526672,-45.60122299,-51.24034119,-50.09720993,-40.16113281,-48.41506195,-38.46590424
324.5,-55.38622665,-59.69280624,-45.6343956,-51.25493622,-50.10390854,-40.15071106,-48.42795944,-38.47750854
325,-55.3947258,-59.69942474,-45.65164185,-51.25095367,-50.10093307,-40.16113281,-48.43268585,-38.48481369
325.5,-55.39495087,-59.69488907,-45.67818069,-51.24830246,-50.11209488,-40.16410828,-48.43784332,-38.48954391
326,-55.39879227,-59.69292831,-45.6901207,-51.23635864,-50.11879349,-40.16559982,-48.44085312,-38.49427032
326.5,-55.40877533,-59.69229889,-45.71002579,-51.2429924,-50.12474823,-40.16634369,-48.45202637,-38.49341202
327,-55.41347504,-59.69667435,-45.72859955,-51.2429924,-50.12772751,-40.17825317,-48.45288849,-38.5032959
327.5,-55.41132355,-59.69340897,-45.74584961,-51.24962997,-50.13665771,-40.18048477,-48.45890427,-38.50673676
328,-55.41448593,-59.69829559,-45.76177216,-51.23635864,-50.15229034,-40.18643951,-48.46492386,-38.51447296
328.5,-55.40914154,-59.68859482,-45.78698349,-51.26289749,-50.16196823,-40.1819725,-48.4683609,-38.52650833
329,-55.41629028,-59.6955452,-45.80688477,-51.26820374,-50.17982864,-40.19239426,-48.47309113,-38.52951813
329.5,-55.42435455,-59.69681168,-45.84005737,-51.28412628,-50.18876266,-40.18122864,-48.4821167,-38.54112244
330,-55.42703629,-59.69194794,-45.85730362,-51.28014755,-50.19322968,-40.19239426,-48.48340607,-38.53510284
330.5,-55.42923737,-59.69709396,-45.8878212,-51.27749252,-50.19099426,-40.19016266,-48.48856354,-38.54413223
331,-55.43329239,-59.688797,-45.91436005,-51.29872131,-50.19918442,-40.1961174,-48.49544144,-38.55272675
331.5,-55.442379,-59.69102478,-45.92895508,-51.27218628,-50.19769287,-40.19537354,-48.50661469,-38.55745697
332,-55.45030594,-59.68976974,-45.95018387,-51.28943253,-50.20513916,-40.19909286,-48.51478195,-38.56046295
332.5,-55.45293808,-59.69042969,-45.96212769,-51.27749252,-50.20513916,-40.19313812,-48.52251816,-38.57120895
333,-55.45699692,-59.69581223,-45.9753952,-51.28147125,-50.21406937,-40.19090652,-48.52853775,-38.58066559
333.5,-55.45702744,-59.69796371,-45.99529648,-51.2854538,-50.20960236,-40.19537354,-48.54486847,-38.58582306
334,-55.4644928,-59.69968796,-46.01785278,-51.27749252,-50.20215988,-40.18941879,-48.55647659,-38.59785843
334.5,-55.47193527,-59.70392227,-46.0297966,-51.28943253,-50.19992828,-40.1961174,-48.56292343,-38.60129929
335,-55.47340393,-59.6946373,-46.05500412,-51.29208755,-50.18950653,-40.19760513,-48.58484268,-38.6137619
335.5,-55.47019196,-59.70006943,-46.07888794,-51.28943253,-50.20141602,-40.20877075,-48.59344101,-38.61720276
336,-55.46974182,-59.69940567,-46.10277176,-51.28810883,-50.20290375,-40.20728302,-48.61192322,-38.62966537
336.5,-55.47544479,-59.6970253,-46.12400055,-51.25891495,-50.20439148,-40.20877075,-48.61622238,-38.63267517
337,-55.47980881,-59.69832611,-46.14257813,-51.26953125,-50.20588303,-40.20951462,-48.62610626,-38.63912201
337.5,-55.48479462,-59.69342804,-46.17575073,-51.26156998,-50.19769287,-40.2191925,-48.64158249,-38.64385223
338,-55.48606491,-59.69568253,-46.17707443,-51.26289749,-50.19844055,-40.22439957,-48.64072037,-38.65502548
338.5,-55.48802567,-59.69322586,-46.21290207,-51.26687622,-50.18503952,-40.21546936,-48.64759827,-38.67350769
339,-55.48884583,-59.69579697,-46.21820831,-51.25759125,-50.19322968,-40.22514343,-48.64974594,-38.68855286
339.5,-55.49597549,-59.69108963,-46.23810959,-51.25759125,-50.19322968,-40.23035431,-48.64845657,-38.69757843
340,-55.49659729,-59.69682312,-46.25668716,-51.2536087,-50.18355179,-40.22961044,-48.64888763,-38.71305084
340.5,-55.49887085,-59.69245148,-46.26199341,-51.25095367,-50.16122055,-40.23184586,-48.64974594,-38.72852707
341,-55.50971603,-59.69500351,-46.28587723,-51.24962997,-50.14335632,-40.23556519,-48.6540451,-38.73712158
341.5,-55.51452255,-59.68941498,-46.30312729,-51.2536087,-50.13145065,-40.23482132,-48.65275574,-38.73970032
342,-55.52824402,-59.68902969,-46.31904984,-51.25891495,-50.11879349,-40.23407745,-48.65060806,-38.74958801
342.5,-55.52554703,-59.6884613,-46.32966232,-51.26687622,-50.09869766,-40.22812271,-48.65189743,-38.75560379
343,-55.53120041,-59.68413162,-46.32966232,-51.25891495,-50.08753204,-40.22439957,-48.64845657,-38.76678085
343.5,-55.53575134,-59.69351196,-46.34293365,-51.27749252,-50.07487869,-40.21770096,-48.6493187,-38.77838516
344,-55.53546524,-59.6823082,-46.36283493,-51.29474258,-50.06669235,-40.21695709,-48.64716721,-38.79428864
344.5,-55.54642487,-59.68732071,-46.38937378,-51.2973938,-50.05105972,-40.22216797,-48.6432991,-38.80589294
345,-55.54804993,-59.6801033,-46.40529633,-51.2960701,-50.05105972,-40.22439957,-48.64759827,-38.81449127
345.5,-55.55158997,-59.6833725,-46.42121506,-51.32127762,-50.04585266,-40.21249008,-48.6493187,-38.84157181
346,-55.55484009,-59.68490219,-46.45173264,-51.30535507,-50.05180359,-40.20877075,-48.64501953,-38.84758759
346.5,-55.56343842,-59.67848587,-46.47561646,-51.29474258,-50.03840637,-40.21100235,-48.63986206,-38.85317612
347,-55.56256485,-59.68582535,-46.49817276,-51.30004883,-50.03022003,-40.20132828,-48.6493187,-38.8561821
347.5,-55.57132721,-59.67930222,-46.51807785,-51.30933762,-50.0145874,-40.1961174,-48.64802933,-38.82308578
348,-55.56956482,-59.67609024,-46.52869034,-51.30668259,-49.99895859,-40.19239426,-48.64716721,-38.79042053
348.5,-55.57530594,-59.67933655,-46.54196167,-51.29076004,-49.99002457,-40.19388199,-48.65533447,-38.78569412
349,-55.57567978,-59.67603683,-46.55920792,-51.27749252,-49.9848175,-40.19239426,-48.65834427,-38.79644012
349.5,-55.58021545,-59.67956543,-46.54859543,-51.27350998,-49.97737122,-40.19016266,-48.65146637,-38.81449127
350,-55.58319855,-59.67522812,-46.58707428,-51.2854538,-49.963974,-40.2005806,-48.65447617,-38.82480621
350.5,-55.58414459,-59.67624664,-46.60299683,-51.27616501,-49.97290802,-40.19760513,-48.65877533,-38.83211517
,,,,,-49.96769714,-40.2005806,,
